ticket_id,intern_id,query,category,subject,resolution,status
TKT0001,INT029,I want feedback about my recent work,Feedback,Performance feedback,Ask your mentor or supervisor for feedback during scheduled reviews or after completing important tasks. Use the feedback to improve future work.,Resolved
TKT0002,INT190,I cannot log into the internship portal,General,Portal login issue,"Use the internship portal link provided by HR. Sign in with your registered email and password. If you cannot log in, contact the internship support team.",Resolved
TKT0003,INT063,I do not understand what my assigned task requires,Tasks,Task clarification,Assigned tasks are normally available in the project or task-management portal. Check your dashboard and task notifications regularly.,Resolved
TKT0004,INT036,I need more time to finish my assignment,Deadline,Deadline extension request,"Tell your supervisor before the deadline, explain the reason, provide your current progress, and ask whether an extension or revised plan is possible.",Resolved
TKT0005,INT027,What are the internship working hours?,Working Hours,Schedule question,"Follow the working hours communicated by your internship coordinator or supervisor. If your schedule is unclear, confirm it with HR or your supervisor.",Resolved
TKT0006,INT190,I want feedback about my recent work,Feedback,Performance feedback,Ask your mentor or supervisor for feedback during scheduled reviews or after completing important tasks. Use the feedback to improve future work.,Resolved
TKT0007,INT140,Where can I find the training material?,Training,Training resource request,"Check the training portal, shared drive, learning-management system, or links provided by your mentor or HR.",Resolved
TKT0008,INT152,I forgot to mark attendance today,Attendance,Missed attendance,Open the attendance section of the internship portal and submit your attendance for the current working day before the daily deadline.,Resolved
TKT0009,INT009,I need to request leave,Leave,Leave request,Submit a leave request through the organization's approved process and notify your supervisor in advance whenever possible.,Resolved
TKT0010,INT024,I cannot log into the internship portal,General,Portal login issue,"Use the internship portal link provided by HR. Sign in with your registered email and password. If you cannot log in, contact the internship support team.",Resolved
TKT0011,INT060,I need more time to finish my assignment,Deadline,Deadline extension request,"Tell your supervisor before the deadline, explain the reason, provide your current progress, and ask whether an extension or revised plan is possible.",Resolved
TKT0012,INT155,How do I push my project to GitHub?,Git,Git submission question,"Create or update the assigned repository, commit your changes with a clear message, push them to the required branch, and follow the project's submission instructions.",Resolved
TKT0013,INT144,I cannot log into the internship portal,General,Portal login issue,"Use the internship portal link provided by HR. Sign in with your registered email and password. If you cannot log in, contact the internship support team.",Resolved
TKT0014,INT184,I need more time to finish my assignment,Deadline,Deadline extension request,"Tell your supervisor before the deadline, explain the reason, provide your current progress, and ask whether an extension or revised plan is possible.",Resolved
TKT0015,INT180,I want feedback about my recent work,Feedback,Performance feedback,Ask your mentor or supervisor for feedback during scheduled reviews or after completing important tasks. Use the feedback to improve future work.,Resolved
TKT0016,INT108,How do I push my project to GitHub?,Git,Git submission question,"Create or update the assigned repository, commit your changes with a clear message, push them to the required branch, and follow the project's submission instructions.",Resolved
TKT0017,INT115,I need more time to finish my assignment,Deadline,Deadline extension request,"Tell your supervisor before the deadline, explain the reason, provide your current progress, and ask whether an extension or revised plan is possible.",Resolved
TKT0018,INT072,When will I receive my internship certificate?,Certificate,Certificate request,Complete the internship requirements and follow the organization's certificate request or issuance process. HR or the internship coordinator can confirm eligibility.,Resolved
TKT0019,INT223,My internet stopped working while I was working remotely,Remote Work,Connectivity issue,"Notify your supervisor or team as soon as possible, explain the interruption, and resume work when connectivity is restored.",Resolved
TKT0020,INT195,I cannot log into the internship portal,General,Portal login issue,"Use the internship portal link provided by HR. Sign in with your registered email and password. If you cannot log in, contact the internship support team.",Resolved
TKT0021,INT041,My internet stopped working while I was working remotely,Remote Work,Connectivity issue,"Notify your supervisor or team as soon as possible, explain the interruption, and resume work when connectivity is restored.",Resolved
TKT0022,INT109,What are the internship working hours?,Working Hours,Schedule question,"Follow the working hours communicated by your internship coordinator or supervisor. If your schedule is unclear, confirm it with HR or your supervisor.",Resolved
TKT0023,INT072,How can I contact my mentor?,Mentoring,Mentor contact request,"Use the official communication channel provided by the internship program, such as email, Teams, Slack, or the assigned project channel.",Resolved
TKT0024,INT056,Where do I upload my completed task?,Submission,Task submission question,"Complete the task according to the instructions, upload the required files or repository link, and submit it through the designated task platform.",Resolved
TKT0025,INT087,My internet stopped working while I was working remotely,Remote Work,Connectivity issue,"Notify your supervisor or team as soon as possible, explain the interruption, and resume work when connectivity is restored.",Resolved
TKT0026,INT024,I forgot to mark attendance today,Attendance,Missed attendance,Open the attendance section of the internship portal and submit your attendance for the current working day before the daily deadline.,Resolved
TKT0027,INT025,I need to request leave,Leave,Leave request,Submit a leave request through the organization's approved process and notify your supervisor in advance whenever possible.,Resolved
TKT0028,INT217,How can I contact my mentor?,Mentoring,Mentor contact request,"Use the official communication channel provided by the internship program, such as email, Teams, Slack, or the assigned project channel.",Resolved
TKT0029,INT155,How can I contact my mentor?,Mentoring,Mentor contact request,"Use the official communication channel provided by the internship program, such as email, Teams, Slack, or the assigned project channel.",Resolved
TKT0030,INT207,I do not understand what my assigned task requires,Tasks,Task clarification,Assigned tasks are normally available in the project or task-management portal. Check your dashboard and task notifications regularly.,Resolved
TKT0031,INT187,I cannot log into the internship portal,General,Portal login issue,"Use the internship portal link provided by HR. Sign in with your registered email and password. If you cannot log in, contact the internship support team.",Resolved
TKT0032,INT138,My required software is not working,Technical,Software access issue,"Check your account permissions and installation requirements first. If the problem continues, contact technical support or your supervisor with the error details.",Resolved
TKT0033,INT250,I forgot to mark attendance today,Attendance,Missed attendance,Open the attendance section of the internship portal and submit your attendance for the current working day before the daily deadline.,Resolved
TKT0034,INT097,Where can I find the training material?,Training,Training resource request,"Check the training portal, shared drive, learning-management system, or links provided by your mentor or HR.",Resolved
TKT0035,INT142,I forgot to mark attendance today,Attendance,Missed attendance,Open the attendance section of the internship portal and submit your attendance for the current working day before the daily deadline.,Resolved
TKT0036,INT213,I do not understand what my assigned task requires,Tasks,Task clarification,Assigned tasks are normally available in the project or task-management portal. Check your dashboard and task notifications regularly.,Resolved
TKT0037,INT159,I want feedback about my recent work,Feedback,Performance feedback,Ask your mentor or supervisor for feedback during scheduled reviews or after completing important tasks. Use the feedback to improve future work.,Resolved
TKT0038,INT221,Where can I find the training material?,Training,Training resource request,"Check the training portal, shared drive, learning-management system, or links provided by your mentor or HR.",Resolved
TKT0039,INT148,How can I contact my mentor?,Mentoring,Mentor contact request,"Use the official communication channel provided by the internship program, such as email, Teams, Slack, or the assigned project channel.",Resolved
TKT0040,INT181,I need more time to finish my assignment,Deadline,Deadline extension request,"Tell your supervisor before the deadline, explain the reason, provide your current progress, and ask whether an extension or revised plan is possible.",Resolved
TKT0041,INT012,I forgot to mark attendance today,Attendance,Missed attendance,Open the attendance section of the internship portal and submit your attendance for the current working day before the daily deadline.,Resolved
TKT0042,INT059,I want feedback about my recent work,Feedback,Performance feedback,Ask your mentor or supervisor for feedback during scheduled reviews or after completing important tasks. Use the feedback to improve future work.,Resolved
TKT0043,INT075,My internet stopped working while I was working remotely,Remote Work,Connectivity issue,"Notify your supervisor or team as soon as possible, explain the interruption, and resume work when connectivity is restored.",Resolved
TKT0044,INT219,I forgot to mark attendance today,Attendance,Missed attendance,Open the attendance section of the internship portal and submit your attendance for the current working day before the daily deadline.,Resolved
TKT0045,INT222,I need more time to finish my assignment,Deadline,Deadline extension request,"Tell your supervisor before the deadline, explain the reason, provide your current progress, and ask whether an extension or revised plan is possible.",Resolved
TKT0046,INT098,I forgot to mark attendance today,Attendance,Missed attendance,Open the attendance section of the internship portal and submit your attendance for the current working day before the daily deadline.,Resolved
TKT0047,INT117,I do not understand what my assigned task requires,Tasks,Task clarification,Assigned tasks are normally available in the project or task-management portal. Check your dashboard and task notifications regularly.,Resolved
TKT0048,INT214,I want feedback about my recent work,Feedback,Performance feedback,Ask your mentor or supervisor for feedback during scheduled reviews or after completing important tasks. Use the feedback to improve future work.,Resolved
TKT0049,INT042,How can I contact my mentor?,Mentoring,Mentor contact request,"Use the official communication channel provided by the internship program, such as email, Teams, Slack, or the assigned project channel.",Resolved
TKT0050,INT091,How can I contact my mentor?,Mentoring,Mentor contact request,"Use the official communication channel provided by the internship program, such as email, Teams, Slack, or the assigned project channel.",Resolved
TKT0051,INT172,I need more time to finish my assignment,Deadline,Deadline extension request,"Tell your supervisor before the deadline, explain the reason, provide your current progress, and ask whether an extension or revised plan is possible.",Resolved
TKT0052,INT180,I do not understand what my assigned task requires,Tasks,Task clarification,Assigned tasks are normally available in the project or task-management portal. Check your dashboard and task notifications regularly.,Resolved
TKT0053,INT175,Where can I find the training material?,Training,Training resource request,"Check the training portal, shared drive, learning-management system, or links provided by your mentor or HR.",Resolved
TKT0054,INT019,I want feedback about my recent work,Feedback,Performance feedback,Ask your mentor or supervisor for feedback during scheduled reviews or after completing important tasks. Use the feedback to improve future work.,Resolved
TKT0055,INT163,When will I receive my internship certificate?,Certificate,Certificate request,Complete the internship requirements and follow the organization's certificate request or issuance process. HR or the internship coordinator can confirm eligibility.,Resolved
TKT0056,INT137,Where do I upload my completed task?,Submission,Task submission question,"Complete the task according to the instructions, upload the required files or repository link, and submit it through the designated task platform.",Resolved
TKT0057,INT063,What are the internship working hours?,Working Hours,Schedule question,"Follow the working hours communicated by your internship coordinator or supervisor. If your schedule is unclear, confirm it with HR or your supervisor.",Resolved
TKT0058,INT119,Where do I upload my completed task?,Submission,Task submission question,"Complete the task according to the instructions, upload the required files or repository link, and submit it through the designated task platform.",Resolved
TKT0059,INT070,I need to request leave,Leave,Leave request,Submit a leave request through the organization's approved process and notify your supervisor in advance whenever possible.,Resolved
TKT0060,INT164,Where can I find the training material?,Training,Training resource request,"Check the training portal, shared drive, learning-management system, or links provided by your mentor or HR.",Resolved
TKT0061,INT143,What are the internship working hours?,Working Hours,Schedule question,"Follow the working hours communicated by your internship coordinator or supervisor. If your schedule is unclear, confirm it with HR or your supervisor.",Resolved
TKT0062,INT176,I need more time to finish my assignment,Deadline,Deadline extension request,"Tell your supervisor before the deadline, explain the reason, provide your current progress, and ask whether an extension or revised plan is possible.",Resolved
TKT0063,INT216,How can I contact my mentor?,Mentoring,Mentor contact request,"Use the official communication channel provided by the internship program, such as email, Teams, Slack, or the assigned project channel.",Resolved
TKT0064,INT199,My internet stopped working while I was working remotely,Remote Work,Connectivity issue,"Notify your supervisor or team as soon as possible, explain the interruption, and resume work when connectivity is restored.",Resolved
TKT0065,INT059,I cannot log into the internship portal,General,Portal login issue,"Use the internship portal link provided by HR. Sign in with your registered email and password. If you cannot log in, contact the internship support team.",Resolved
TKT0066,INT009,Who should I contact about an HR issue?,HR,HR support request,Contact the HR representative or internship coordinator assigned to your program using the official contact details.,Resolved
TKT0067,INT081,My internet stopped working while I was working remotely,Remote Work,Connectivity issue,"Notify your supervisor or team as soon as possible, explain the interruption, and resume work when connectivity is restored.",Resolved
TKT0068,INT069,I need to request leave,Leave,Leave request,Submit a leave request through the organization's approved process and notify your supervisor in advance whenever possible.,Resolved
TKT0069,INT055,I forgot to mark attendance today,Attendance,Missed attendance,Open the attendance section of the internship portal and submit your attendance for the current working day before the daily deadline.,Resolved
TKT0070,INT242,Where can I find the training material?,Training,Training resource request,"Check the training portal, shared drive, learning-management system, or links provided by your mentor or HR.",Resolved
TKT0071,INT225,When will I receive my internship certificate?,Certificate,Certificate request,Complete the internship requirements and follow the organization's certificate request or issuance process. HR or the internship coordinator can confirm eligibility.,Resolved
TKT0072,INT081,What are the internship working hours?,Working Hours,Schedule question,"Follow the working hours communicated by your internship coordinator or supervisor. If your schedule is unclear, confirm it with HR or your supervisor.",Resolved
TKT0073,INT168,I need more time to finish my assignment,Deadline,Deadline extension request,"Tell your supervisor before the deadline, explain the reason, provide your current progress, and ask whether an extension or revised plan is possible.",Resolved
TKT0074,INT102,My required software is not working,Technical,Software access issue,"Check your account permissions and installation requirements first. If the problem continues, contact technical support or your supervisor with the error details.",Resolved
TKT0075,INT235,Where can I find the training material?,Training,Training resource request,"Check the training portal, shared drive, learning-management system, or links provided by your mentor or HR.",Resolved
TKT0076,INT118,I want feedback about my recent work,Feedback,Performance feedback,Ask your mentor or supervisor for feedback during scheduled reviews or after completing important tasks. Use the feedback to improve future work.,Resolved
TKT0077,INT068,Where do I upload my completed task?,Submission,Task submission question,"Complete the task according to the instructions, upload the required files or repository link, and submit it through the designated task platform.",Resolved
TKT0078,INT064,Where do I upload my completed task?,Submission,Task submission question,"Complete the task according to the instructions, upload the required files or repository link, and submit it through the designated task platform.",Resolved
TKT0079,INT144,What are the internship working hours?,Working Hours,Schedule question,"Follow the working hours communicated by your internship coordinator or supervisor. If your schedule is unclear, confirm it with HR or your supervisor.",Resolved
TKT0080,INT068,How do I push my project to GitHub?,Git,Git submission question,"Create or update the assigned repository, commit your changes with a clear message, push them to the required branch, and follow the project's submission instructions.",Resolved
TKT0081,INT150,What are the internship working hours?,Working Hours,Schedule question,"Follow the working hours communicated by your internship coordinator or supervisor. If your schedule is unclear, confirm it with HR or your supervisor.",Resolved
TKT0082,INT230,I need to request leave,Leave,Leave request,Submit a leave request through the organization's approved process and notify your supervisor in advance whenever possible.,Resolved
TKT0083,INT103,When will I receive my internship certificate?,Certificate,Certificate request,Complete the internship requirements and follow the organization's certificate request or issuance process. HR or the internship coordinator can confirm eligibility.,Resolved
TKT0084,INT057,How can I contact my mentor?,Mentoring,Mentor contact request,"Use the official communication channel provided by the internship program, such as email, Teams, Slack, or the assigned project channel.",Resolved
TKT0085,INT131,Where do I upload my completed task?,Submission,Task submission question,"Complete the task according to the instructions, upload the required files or repository link, and submit it through the designated task platform.",Resolved
TKT0086,INT024,My required software is not working,Technical,Software access issue,"Check your account permissions and installation requirements first. If the problem continues, contact technical support or your supervisor with the error details.",Resolved
TKT0087,INT013,My internet stopped working while I was working remotely,Remote Work,Connectivity issue,"Notify your supervisor or team as soon as possible, explain the interruption, and resume work when connectivity is restored.",Resolved
TKT0088,INT029,Who should I contact about an HR issue?,HR,HR support request,Contact the HR representative or internship coordinator assigned to your program using the official contact details.,Resolved
TKT0089,INT161,Where do I upload my completed task?,Submission,Task submission question,"Complete the task according to the instructions, upload the required files or repository link, and submit it through the designated task platform.",Resolved
TKT0090,INT203,Where do I upload my completed task?,Submission,Task submission question,"Complete the task according to the instructions, upload the required files or repository link, and submit it through the designated task platform.",Resolved
TKT0091,INT109,I want feedback about my recent work,Feedback,Performance feedback,Ask your mentor or supervisor for feedback during scheduled reviews or after completing important tasks. Use the feedback to improve future work.,Resolved
TKT0092,INT017,When will I receive my internship certificate?,Certificate,Certificate request,Complete the internship requirements and follow the organization's certificate request or issuance process. HR or the internship coordinator can confirm eligibility.,Resolved
TKT0093,INT098,I need to request leave,Leave,Leave request,Submit a leave request through the organization's approved process and notify your supervisor in advance whenever possible.,Resolved
TKT0094,INT120,When will I receive my internship certificate?,Certificate,Certificate request,Complete the internship requirements and follow the organization's certificate request or issuance process. HR or the internship coordinator can confirm eligibility.,Resolved
TKT0095,INT065,How do I push my project to GitHub?,Git,Git submission question,"Create or update the assigned repository, commit your changes with a clear message, push them to the required branch, and follow the project's submission instructions.",Resolved
TKT0096,INT221,How do I push my project to GitHub?,Git,Git submission question,"Create or update the assigned repository, commit your changes with a clear message, push them to the required branch, and follow the project's submission instructions.",Resolved
TKT0097,INT175,I cannot log into the internship portal,General,Portal login issue,"Use the internship portal link provided by HR. Sign in with your registered email and password. If you cannot log in, contact the internship support team.",Resolved
TKT0098,INT030,What are the internship working hours?,Working Hours,Schedule question,"Follow the working hours communicated by your internship coordinator or supervisor. If your schedule is unclear, confirm it with HR or your supervisor.",Resolved
TKT0099,INT227,I want feedback about my recent work,Feedback,Performance feedback,Ask your mentor or supervisor for feedback during scheduled reviews or after completing important tasks. Use the feedback to improve future work.,Resolved
TKT0100,INT193,How do I push my project to GitHub?,Git,Git submission question,"Create or update the assigned repository, commit your changes with a clear message, push them to the required branch, and follow the project's submission instructions.",Resolved
TKT0101,INT197,I do not understand what my assigned task requires,Tasks,Task clarification,Assigned tasks are normally available in the project or task-management portal. Check your dashboard and task notifications regularly.,Resolved
TKT0102,INT088,I want feedback about my recent work,Feedback,Performance feedback,Ask your mentor or supervisor for feedback during scheduled reviews or after completing important tasks. Use the feedback to improve future work.,Resolved
TKT0103,INT076,I forgot to mark attendance today,Attendance,Missed attendance,Open the attendance section of the internship portal and submit your attendance for the current working day before the daily deadline.,Resolved
TKT0104,INT041,I need to request leave,Leave,Leave request,Submit a leave request through the organization's approved process and notify your supervisor in advance whenever possible.,Resolved
TKT0105,INT001,My required software is not working,Technical,Software access issue,"Check your account permissions and installation requirements first. If the problem continues, contact technical support or your supervisor with the error details.",Resolved
TKT0106,INT225,What are the internship working hours?,Working Hours,Schedule question,"Follow the working hours communicated by your internship coordinator or supervisor. If your schedule is unclear, confirm it with HR or your supervisor.",Resolved
TKT0107,INT068,What are the internship working hours?,Working Hours,Schedule question,"Follow the working hours communicated by your internship coordinator or supervisor. If your schedule is unclear, confirm it with HR or your supervisor.",Resolved
TKT0108,INT196,How do I push my project to GitHub?,Git,Git submission question,"Create or update the assigned repository, commit your changes with a clear message, push them to the required branch, and follow the project's submission instructions.",Resolved
TKT0109,INT130,Where do I upload my completed task?,Submission,Task submission question,"Complete the task according to the instructions, upload the required files or repository link, and submit it through the designated task platform.",Resolved
TKT0110,INT028,Where can I find the training material?,Training,Training resource request,"Check the training portal, shared drive, learning-management system, or links provided by your mentor or HR.",Resolved
TKT0111,INT161,Who should I contact about an HR issue?,HR,HR support request,Contact the HR representative or internship coordinator assigned to your program using the official contact details.,Resolved
TKT0112,INT216,I do not understand what my assigned task requires,Tasks,Task clarification,Assigned tasks are normally available in the project or task-management portal. Check your dashboard and task notifications regularly.,Resolved
TKT0113,INT130,I want feedback about my recent work,Feedback,Performance feedback,Ask your mentor or supervisor for feedback during scheduled reviews or after completing important tasks. Use the feedback to improve future work.,Resolved
TKT0114,INT051,When will I receive my internship certificate?,Certificate,Certificate request,Complete the internship requirements and follow the organization's certificate request or issuance process. HR or the internship coordinator can confirm eligibility.,Resolved
TKT0115,INT096,Where do I upload my completed task?,Submission,Task submission question,"Complete the task according to the instructions, upload the required files or repository link, and submit it through the designated task platform.",Resolved
TKT0116,INT042,My internet stopped working while I was working remotely,Remote Work,Connectivity issue,"Notify your supervisor or team as soon as possible, explain the interruption, and resume work when connectivity is restored.",Resolved
TKT0117,INT245,How do I push my project to GitHub?,Git,Git submission question,"Create or update the assigned repository, commit your changes with a clear message, push them to the required branch, and follow the project's submission instructions.",Resolved
TKT0118,INT237,My internet stopped working while I was working remotely,Remote Work,Connectivity issue,"Notify your supervisor or team as soon as possible, explain the interruption, and resume work when connectivity is restored.",Resolved
TKT0119,INT236,How do I push my project to GitHub?,Git,Git submission question,"Create or update the assigned repository, commit your changes with a clear message, push them to the required branch, and follow the project's submission instructions.",Resolved
TKT0120,INT154,I cannot log into the internship portal,General,Portal login issue,"Use the internship portal link provided by HR. Sign in with your registered email and password. If you cannot log in, contact the internship support team.",Resolved
TKT0121,INT126,How can I contact my mentor?,Mentoring,Mentor contact request,"Use the official communication channel provided by the internship program, such as email, Teams, Slack, or the assigned project channel.",Resolved
TKT0122,INT029,I cannot log into the internship portal,General,Portal login issue,"Use the internship portal link provided by HR. Sign in with your registered email and password. If you cannot log in, contact the internship support team.",Resolved
TKT0123,INT093,Where can I find the training material?,Training,Training resource request,"Check the training portal, shared drive, learning-management system, or links provided by your mentor or HR.",Resolved
TKT0124,INT213,Where can I find the training material?,Training,Training resource request,"Check the training portal, shared drive, learning-management system, or links provided by your mentor or HR.",Resolved
TKT0125,INT079,My internet stopped working while I was working remotely,Remote Work,Connectivity issue,"Notify your supervisor or team as soon as possible, explain the interruption, and resume work when connectivity is restored.",Resolved
TKT0126,INT015,I need more time to finish my assignment,Deadline,Deadline extension request,"Tell your supervisor before the deadline, explain the reason, provide your current progress, and ask whether an extension or revised plan is possible.",Resolved
TKT0127,INT225,I need more time to finish my assignment,Deadline,Deadline extension request,"Tell your supervisor before the deadline, explain the reason, provide your current progress, and ask whether an extension or revised plan is possible.",Resolved
TKT0128,INT243,When will I receive my internship certificate?,Certificate,Certificate request,Complete the internship requirements and follow the organization's certificate request or issuance process. HR or the internship coordinator can confirm eligibility.,Resolved
TKT0129,INT022,I forgot to mark attendance today,Attendance,Missed attendance,Open the attendance section of the internship portal and submit your attendance for the current working day before the daily deadline.,Resolved
TKT0130,INT125,What are the internship working hours?,Working Hours,Schedule question,"Follow the working hours communicated by your internship coordinator or supervisor. If your schedule is unclear, confirm it with HR or your supervisor.",Resolved
TKT0131,INT018,Who should I contact about an HR issue?,HR,HR support request,Contact the HR representative or internship coordinator assigned to your program using the official contact details.,Resolved
TKT0132,INT137,My internet stopped working while I was working remotely,Remote Work,Connectivity issue,"Notify your supervisor or team as soon as possible, explain the interruption, and resume work when connectivity is restored.",Resolved
TKT0133,INT033,My internet stopped working while I was working remotely,Remote Work,Connectivity issue,"Notify your supervisor or team as soon as possible, explain the interruption, and resume work when connectivity is restored.",Resolved
TKT0134,INT169,Where do I upload my completed task?,Submission,Task submission question,"Complete the task according to the instructions, upload the required files or repository link, and submit it through the designated task platform.",Resolved
TKT0135,INT243,My required software is not working,Technical,Software access issue,"Check your account permissions and installation requirements first. If the problem continues, contact technical support or your supervisor with the error details.",Resolved
TKT0136,INT043,How do I push my project to GitHub?,Git,Git submission question,"Create or update the assigned repository, commit your changes with a clear message, push them to the required branch, and follow the project's submission instructions.",Resolved
TKT0137,INT136,I do not understand what my assigned task requires,Tasks,Task clarification,Assigned tasks are normally available in the project or task-management portal. Check your dashboard and task notifications regularly.,Resolved
TKT0138,INT156,Who should I contact about an HR issue?,HR,HR support request,Contact the HR representative or internship coordinator assigned to your program using the official contact details.,Resolved
TKT0139,INT247,I need to request leave,Leave,Leave request,Submit a leave request through the organization's approved process and notify your supervisor in advance whenever possible.,Resolved
TKT0140,INT238,I need more time to finish my assignment,Deadline,Deadline extension request,"Tell your supervisor before the deadline, explain the reason, provide your current progress, and ask whether an extension or revised plan is possible.",Resolved
TKT0141,INT194,How do I push my project to GitHub?,Git,Git submission question,"Create or update the assigned repository, commit your changes with a clear message, push them to the required branch, and follow the project's submission instructions.",Resolved
TKT0142,INT177,What are the internship working hours?,Working Hours,Schedule question,"Follow the working hours communicated by your internship coordinator or supervisor. If your schedule is unclear, confirm it with HR or your supervisor.",Resolved
TKT0143,INT183,I need more time to finish my assignment,Deadline,Deadline extension request,"Tell your supervisor before the deadline, explain the reason, provide your current progress, and ask whether an extension or revised plan is possible.",Resolved
TKT0144,INT103,I do not understand what my assigned task requires,Tasks,Task clarification,Assigned tasks are normally available in the project or task-management portal. Check your dashboard and task notifications regularly.,Resolved
TKT0145,INT167,I want feedback about my recent work,Feedback,Performance feedback,Ask your mentor or supervisor for feedback during scheduled reviews or after completing important tasks. Use the feedback to improve future work.,Resolved
TKT0146,INT113,How can I contact my mentor?,Mentoring,Mentor contact request,"Use the official communication channel provided by the internship program, such as email, Teams, Slack, or the assigned project channel.",Resolved
TKT0147,INT133,Where can I find the training material?,Training,Training resource request,"Check the training portal, shared drive, learning-management system, or links provided by your mentor or HR.",Resolved
TKT0148,INT031,My required software is not working,Technical,Software access issue,"Check your account permissions and installation requirements first. If the problem continues, contact technical support or your supervisor with the error details.",Resolved
TKT0149,INT058,I need more time to finish my assignment,Deadline,Deadline extension request,"Tell your supervisor before the deadline, explain the reason, provide your current progress, and ask whether an extension or revised plan is possible.",Resolved
TKT0150,INT087,I forgot to mark attendance today,Attendance,Missed attendance,Open the attendance section of the internship portal and submit your attendance for the current working day before the daily deadline.,Resolved
TKT0151,INT151,I cannot log into the internship portal,General,Portal login issue,"Use the internship portal link provided by HR. Sign in with your registered email and password. If you cannot log in, contact the internship support team.",Resolved
TKT0152,INT059,How do I push my project to GitHub?,Git,Git submission question,"Create or update the assigned repository, commit your changes with a clear message, push them to the required branch, and follow the project's submission instructions.",Resolved
TKT0153,INT057,When will I receive my internship certificate?,Certificate,Certificate request,Complete the internship requirements and follow the organization's certificate request or issuance process. HR or the internship coordinator can confirm eligibility.,Resolved
TKT0154,INT019,I cannot log into the internship portal,General,Portal login issue,"Use the internship portal link provided by HR. Sign in with your registered email and password. If you cannot log in, contact the internship support team.",Resolved
TKT0155,INT162,What are the internship working hours?,Working Hours,Schedule question,"Follow the working hours communicated by your internship coordinator or supervisor. If your schedule is unclear, confirm it with HR or your supervisor.",Resolved
TKT0156,INT059,I cannot log into the internship portal,General,Portal login issue,"Use the internship portal link provided by HR. Sign in with your registered email and password. If you cannot log in, contact the internship support team.",Resolved
TKT0157,INT232,I forgot to mark attendance today,Attendance,Missed attendance,Open the attendance section of the internship portal and submit your attendance for the current working day before the daily deadline.,Resolved
TKT0158,INT221,I cannot log into the internship portal,General,Portal login issue,"Use the internship portal link provided by HR. Sign in with your registered email and password. If you cannot log in, contact the internship support team.",Resolved
TKT0159,INT019,How can I contact my mentor?,Mentoring,Mentor contact request,"Use the official communication channel provided by the internship program, such as email, Teams, Slack, or the assigned project channel.",Resolved
TKT0160,INT061,How do I push my project to GitHub?,Git,Git submission question,"Create or update the assigned repository, commit your changes with a clear message, push them to the required branch, and follow the project's submission instructions.",Resolved
TKT0161,INT172,I do not understand what my assigned task requires,Tasks,Task clarification,Assigned tasks are normally available in the project or task-management portal. Check your dashboard and task notifications regularly.,Resolved
TKT0162,INT055,My required software is not working,Technical,Software access issue,"Check your account permissions and installation requirements first. If the problem continues, contact technical support or your supervisor with the error details.",Resolved
TKT0163,INT034,How do I push my project to GitHub?,Git,Git submission question,"Create or update the assigned repository, commit your changes with a clear message, push them to the required branch, and follow the project's submission instructions.",Resolved
TKT0164,INT240,What are the internship working hours?,Working Hours,Schedule question,"Follow the working hours communicated by your internship coordinator or supervisor. If your schedule is unclear, confirm it with HR or your supervisor.",Resolved
TKT0165,INT147,Where can I find the training material?,Training,Training resource request,"Check the training portal, shared drive, learning-management system, or links provided by your mentor or HR.",Resolved
TKT0166,INT122,When will I receive my internship certificate?,Certificate,Certificate request,Complete the internship requirements and follow the organization's certificate request or issuance process. HR or the internship coordinator can confirm eligibility.,Resolved
TKT0167,INT201,I need more time to finish my assignment,Deadline,Deadline extension request,"Tell your supervisor before the deadline, explain the reason, provide your current progress, and ask whether an extension or revised plan is possible.",Resolved
TKT0168,INT207,My required software is not working,Technical,Software access issue,"Check your account permissions and installation requirements first. If the problem continues, contact technical support or your supervisor with the error details.",Resolved
TKT0169,INT049,I need to request leave,Leave,Leave request,Submit a leave request through the organization's approved process and notify your supervisor in advance whenever possible.,Resolved
TKT0170,INT025,I forgot to mark attendance today,Attendance,Missed attendance,Open the attendance section of the internship portal and submit your attendance for the current working day before the daily deadline.,Resolved
TKT0171,INT111,I want feedback about my recent work,Feedback,Performance feedback,Ask your mentor or supervisor for feedback during scheduled reviews or after completing important tasks. Use the feedback to improve future work.,Resolved
TKT0172,INT109,How can I contact my mentor?,Mentoring,Mentor contact request,"Use the official communication channel provided by the internship program, such as email, Teams, Slack, or the assigned project channel.",Resolved
TKT0173,INT120,I need to request leave,Leave,Leave request,Submit a leave request through the organization's approved process and notify your supervisor in advance whenever possible.,Resolved
TKT0174,INT187,Who should I contact about an HR issue?,HR,HR support request,Contact the HR representative or internship coordinator assigned to your program using the official contact details.,Resolved
TKT0175,INT173,I cannot log into the internship portal,General,Portal login issue,"Use the internship portal link provided by HR. Sign in with your registered email and password. If you cannot log in, contact the internship support team.",Resolved
TKT0176,INT166,I want feedback about my recent work,Feedback,Performance feedback,Ask your mentor or supervisor for feedback during scheduled reviews or after completing important tasks. Use the feedback to improve future work.,Resolved
TKT0177,INT016,I forgot to mark attendance today,Attendance,Missed attendance,Open the attendance section of the internship portal and submit your attendance for the current working day before the daily deadline.,Resolved
TKT0178,INT187,I need to request leave,Leave,Leave request,Submit a leave request through the organization's approved process and notify your supervisor in advance whenever possible.,Resolved
TKT0179,INT205,How can I contact my mentor?,Mentoring,Mentor contact request,"Use the official communication channel provided by the internship program, such as email, Teams, Slack, or the assigned project channel.",Resolved
TKT0180,INT028,Who should I contact about an HR issue?,HR,HR support request,Contact the HR representative or internship coordinator assigned to your program using the official contact details.,Resolved
TKT0181,INT050,I need more time to finish my assignment,Deadline,Deadline extension request,"Tell your supervisor before the deadline, explain the reason, provide your current progress, and ask whether an extension or revised plan is possible.",Resolved
TKT0182,INT138,I need more time to finish my assignment,Deadline,Deadline extension request,"Tell your supervisor before the deadline, explain the reason, provide your current progress, and ask whether an extension or revised plan is possible.",Resolved
TKT0183,INT036,My required software is not working,Technical,Software access issue,"Check your account permissions and installation requirements first. If the problem continues, contact technical support or your supervisor with the error details.",Resolved
TKT0184,INT047,I need to request leave,Leave,Leave request,Submit a leave request through the organization's approved process and notify your supervisor in advance whenever possible.,Resolved
TKT0185,INT119,I do not understand what my assigned task requires,Tasks,Task clarification,Assigned tasks are normally available in the project or task-management portal. Check your dashboard and task notifications regularly.,Resolved
TKT0186,INT224,I need more time to finish my assignment,Deadline,Deadline extension request,"Tell your supervisor before the deadline, explain the reason, provide your current progress, and ask whether an extension or revised plan is possible.",Resolved
TKT0187,INT020,Where can I find the training material?,Training,Training resource request,"Check the training portal, shared drive, learning-management system, or links provided by your mentor or HR.",Resolved
TKT0188,INT207,My required software is not working,Technical,Software access issue,"Check your account permissions and installation requirements first. If the problem continues, contact technical support or your supervisor with the error details.",Resolved
TKT0189,INT220,Who should I contact about an HR issue?,HR,HR support request,Contact the HR representative or internship coordinator assigned to your program using the official contact details.,Resolved
TKT0190,INT026,How do I push my project to GitHub?,Git,Git submission question,"Create or update the assigned repository, commit your changes with a clear message, push them to the required branch, and follow the project's submission instructions.",Resolved
TKT0191,INT167,I cannot log into the internship portal,General,Portal login issue,"Use the internship portal link provided by HR. Sign in with your registered email and password. If you cannot log in, contact the internship support team.",Resolved
TKT0192,INT215,How do I push my project to GitHub?,Git,Git submission question,"Create or update the assigned repository, commit your changes with a clear message, push them to the required branch, and follow the project's submission instructions.",Resolved
TKT0193,INT249,I cannot log into the internship portal,General,Portal login issue,"Use the internship portal link provided by HR. Sign in with your registered email and password. If you cannot log in, contact the internship support team.",Resolved
TKT0194,INT238,I forgot to mark attendance today,Attendance,Missed attendance,Open the attendance section of the internship portal and submit your attendance for the current working day before the daily deadline.,Resolved
TKT0195,INT218,My internet stopped working while I was working remotely,Remote Work,Connectivity issue,"Notify your supervisor or team as soon as possible, explain the interruption, and resume work when connectivity is restored.",Resolved
TKT0196,INT043,I need more time to finish my assignment,Deadline,Deadline extension request,"Tell your supervisor before the deadline, explain the reason, provide your current progress, and ask whether an extension or revised plan is possible.",Resolved
TKT0197,INT125,I need to request leave,Leave,Leave request,Submit a leave request through the organization's approved process and notify your supervisor in advance whenever possible.,Resolved
TKT0198,INT055,My required software is not working,Technical,Software access issue,"Check your account permissions and installation requirements first. If the problem continues, contact technical support or your supervisor with the error details.",Resolved
TKT0199,INT103,Who should I contact about an HR issue?,HR,HR support request,Contact the HR representative or internship coordinator assigned to your program using the official contact details.,Resolved
TKT0200,INT016,Where can I find the training material?,Training,Training resource request,"Check the training portal, shared drive, learning-management system, or links provided by your mentor or HR.",Resolved
TKT0201,INT098,Where do I upload my completed task?,Submission,Task submission question,"Complete the task according to the instructions, upload the required files or repository link, and submit it through the designated task platform.",Resolved
TKT0202,INT100,I cannot log into the internship portal,General,Portal login issue,"Use the internship portal link provided by HR. Sign in with your registered email and password. If you cannot log in, contact the internship support team.",Resolved
TKT0203,INT238,I do not understand what my assigned task requires,Tasks,Task clarification,Assigned tasks are normally available in the project or task-management portal. Check your dashboard and task notifications regularly.,Resolved
TKT0204,INT201,My internet stopped working while I was working remotely,Remote Work,Connectivity issue,"Notify your supervisor or team as soon as possible, explain the interruption, and resume work when connectivity is restored.",Resolved
TKT0205,INT074,My required software is not working,Technical,Software access issue,"Check your account permissions and installation requirements first. If the problem continues, contact technical support or your supervisor with the error details.",Resolved
TKT0206,INT179,I need to request leave,Leave,Leave request,Submit a leave request through the organization's approved process and notify your supervisor in advance whenever possible.,Resolved
TKT0207,INT201,What are the internship working hours?,Working Hours,Schedule question,"Follow the working hours communicated by your internship coordinator or supervisor. If your schedule is unclear, confirm it with HR or your supervisor.",Resolved
TKT0208,INT170,How do I push my project to GitHub?,Git,Git submission question,"Create or update the assigned repository, commit your changes with a clear message, push them to the required branch, and follow the project's submission instructions.",Resolved
TKT0209,INT125,What are the internship working hours?,Working Hours,Schedule question,"Follow the working hours communicated by your internship coordinator or supervisor. If your schedule is unclear, confirm it with HR or your supervisor.",Resolved
TKT0210,INT049,Where do I upload my completed task?,Submission,Task submission question,"Complete the task according to the instructions, upload the required files or repository link, and submit it through the designated task platform.",Resolved
TKT0211,INT056,I do not understand what my assigned task requires,Tasks,Task clarification,Assigned tasks are normally available in the project or task-management portal. Check your dashboard and task notifications regularly.,Resolved
TKT0212,INT149,I cannot log into the internship portal,General,Portal login issue,"Use the internship portal link provided by HR. Sign in with your registered email and password. If you cannot log in, contact the internship support team.",Resolved
TKT0213,INT139,What are the internship working hours?,Working Hours,Schedule question,"Follow the working hours communicated by your internship coordinator or supervisor. If your schedule is unclear, confirm it with HR or your supervisor.",Resolved
TKT0214,INT192,I cannot log into the internship portal,General,Portal login issue,"Use the internship portal link provided by HR. Sign in with your registered email and password. If you cannot log in, contact the internship support team.",Resolved
TKT0215,INT015,How can I contact my mentor?,Mentoring,Mentor contact request,"Use the official communication channel provided by the internship program, such as email, Teams, Slack, or the assigned project channel.",Resolved
TKT0216,INT150,I cannot log into the internship portal,General,Portal login issue,"Use the internship portal link provided by HR. Sign in with your registered email and password. If you cannot log in, contact the internship support team.",Resolved
TKT0217,INT129,My required software is not working,Technical,Software access issue,"Check your account permissions and installation requirements first. If the problem continues, contact technical support or your supervisor with the error details.",Resolved
TKT0218,INT219,Where can I find the training material?,Training,Training resource request,"Check the training portal, shared drive, learning-management system, or links provided by your mentor or HR.",Resolved
TKT0219,INT041,How do I push my project to GitHub?,Git,Git submission question,"Create or update the assigned repository, commit your changes with a clear message, push them to the required branch, and follow the project's submission instructions.",Resolved
TKT0220,INT246,I cannot log into the internship portal,General,Portal login issue,"Use the internship portal link provided by HR. Sign in with your registered email and password. If you cannot log in, contact the internship support team.",Resolved
TKT0221,INT021,How do I push my project to GitHub?,Git,Git submission question,"Create or update the assigned repository, commit your changes with a clear message, push them to the required branch, and follow the project's submission instructions.",Resolved
TKT0222,INT048,Who should I contact about an HR issue?,HR,HR support request,Contact the HR representative or internship coordinator assigned to your program using the official contact details.,Resolved
TKT0223,INT153,I forgot to mark attendance today,Attendance,Missed attendance,Open the attendance section of the internship portal and submit your attendance for the current working day before the daily deadline.,Resolved
TKT0224,INT173,I forgot to mark attendance today,Attendance,Missed attendance,Open the attendance section of the internship portal and submit your attendance for the current working day before the daily deadline.,Resolved
TKT0225,INT061,Who should I contact about an HR issue?,HR,HR support request,Contact the HR representative or internship coordinator assigned to your program using the official contact details.,Resolved
TKT0226,INT031,I need to request leave,Leave,Leave request,Submit a leave request through the organization's approved process and notify your supervisor in advance whenever possible.,Resolved
TKT0227,INT146,Where can I find the training material?,Training,Training resource request,"Check the training portal, shared drive, learning-management system, or links provided by your mentor or HR.",Resolved
TKT0228,INT149,I need more time to finish my assignment,Deadline,Deadline extension request,"Tell your supervisor before the deadline, explain the reason, provide your current progress, and ask whether an extension or revised plan is possible.",Resolved
TKT0229,INT011,When will I receive my internship certificate?,Certificate,Certificate request,Complete the internship requirements and follow the organization's certificate request or issuance process. HR or the internship coordinator can confirm eligibility.,Resolved
TKT0230,INT021,When will I receive my internship certificate?,Certificate,Certificate request,Complete the internship requirements and follow the organization's certificate request or issuance process. HR or the internship coordinator can confirm eligibility.,Resolved
TKT0231,INT169,I need to request leave,Leave,Leave request,Submit a leave request through the organization's approved process and notify your supervisor in advance whenever possible.,Resolved
TKT0232,INT145,When will I receive my internship certificate?,Certificate,Certificate request,Complete the internship requirements and follow the organization's certificate request or issuance process. HR or the internship coordinator can confirm eligibility.,Resolved
TKT0233,INT081,How do I push my project to GitHub?,Git,Git submission question,"Create or update the assigned repository, commit your changes with a clear message, push them to the required branch, and follow the project's submission instructions.",Resolved
TKT0234,INT067,Where can I find the training material?,Training,Training resource request,"Check the training portal, shared drive, learning-management system, or links provided by your mentor or HR.",Resolved
TKT0235,INT172,I need more time to finish my assignment,Deadline,Deadline extension request,"Tell your supervisor before the deadline, explain the reason, provide your current progress, and ask whether an extension or revised plan is possible.",Resolved
TKT0236,INT081,What are the internship working hours?,Working Hours,Schedule question,"Follow the working hours communicated by your internship coordinator or supervisor. If your schedule is unclear, confirm it with HR or your supervisor.",Resolved
TKT0237,INT068,I need more time to finish my assignment,Deadline,Deadline extension request,"Tell your supervisor before the deadline, explain the reason, provide your current progress, and ask whether an extension or revised plan is possible.",Resolved
TKT0238,INT034,I need to request leave,Leave,Leave request,Submit a leave request through the organization's approved process and notify your supervisor in advance whenever possible.,Resolved
TKT0239,INT166,I want feedback about my recent work,Feedback,Performance feedback,Ask your mentor or supervisor for feedback during scheduled reviews or after completing important tasks. Use the feedback to improve future work.,Resolved
TKT0240,INT118,I do not understand what my assigned task requires,Tasks,Task clarification,Assigned tasks are normally available in the project or task-management portal. Check your dashboard and task notifications regularly.,Resolved
TKT0241,INT238,How can I contact my mentor?,Mentoring,Mentor contact request,"Use the official communication channel provided by the internship program, such as email, Teams, Slack, or the assigned project channel.",Resolved
TKT0242,INT240,My internet stopped working while I was working remotely,Remote Work,Connectivity issue,"Notify your supervisor or team as soon as possible, explain the interruption, and resume work when connectivity is restored.",Resolved
TKT0243,INT003,I forgot to mark attendance today,Attendance,Missed attendance,Open the attendance section of the internship portal and submit your attendance for the current working day before the daily deadline.,Resolved
TKT0244,INT160,My required software is not working,Technical,Software access issue,"Check your account permissions and installation requirements first. If the problem continues, contact technical support or your supervisor with the error details.",Resolved
TKT0245,INT026,When will I receive my internship certificate?,Certificate,Certificate request,Complete the internship requirements and follow the organization's certificate request or issuance process. HR or the internship coordinator can confirm eligibility.,Resolved
TKT0246,INT138,I forgot to mark attendance today,Attendance,Missed attendance,Open the attendance section of the internship portal and submit your attendance for the current working day before the daily deadline.,Resolved
TKT0247,INT130,I need more time to finish my assignment,Deadline,Deadline extension request,"Tell your supervisor before the deadline, explain the reason, provide your current progress, and ask whether an extension or revised plan is possible.",Resolved
TKT0248,INT034,I do not understand what my assigned task requires,Tasks,Task clarification,Assigned tasks are normally available in the project or task-management portal. Check your dashboard and task notifications regularly.,Resolved
TKT0249,INT090,Where can I find the training material?,Training,Training resource request,"Check the training portal, shared drive, learning-management system, or links provided by your mentor or HR.",Resolved
TKT0250,INT018,Where can I find the training material?,Training,Training resource request,"Check the training portal, shared drive, learning-management system, or links provided by your mentor or HR.",Resolved
TKT0251,INT063,Where can I find the training material?,Training,Training resource request,"Check the training portal, shared drive, learning-management system, or links provided by your mentor or HR.",Resolved
TKT0252,INT073,How can I contact my mentor?,Mentoring,Mentor contact request,"Use the official communication channel provided by the internship program, such as email, Teams, Slack, or the assigned project channel.",Resolved
TKT0253,INT113,Where do I upload my completed task?,Submission,Task submission question,"Complete the task according to the instructions, upload the required files or repository link, and submit it through the designated task platform.",Resolved
TKT0254,INT140,Who should I contact about an HR issue?,HR,HR support request,Contact the HR representative or internship coordinator assigned to your program using the official contact details.,Resolved
TKT0255,INT078,What are the internship working hours?,Working Hours,Schedule question,"Follow the working hours communicated by your internship coordinator or supervisor. If your schedule is unclear, confirm it with HR or your supervisor.",Resolved
TKT0256,INT207,When will I receive my internship certificate?,Certificate,Certificate request,Complete the internship requirements and follow the organization's certificate request or issuance process. HR or the internship coordinator can confirm eligibility.,Resolved
TKT0257,INT136,I want feedback about my recent work,Feedback,Performance feedback,Ask your mentor or supervisor for feedback during scheduled reviews or after completing important tasks. Use the feedback to improve future work.,Resolved
TKT0258,INT171,I cannot log into the internship portal,General,Portal login issue,"Use the internship portal link provided by HR. Sign in with your registered email and password. If you cannot log in, contact the internship support team.",Resolved
TKT0259,INT142,Who should I contact about an HR issue?,HR,HR support request,Contact the HR representative or internship coordinator assigned to your program using the official contact details.,Resolved
TKT0260,INT239,I do not understand what my assigned task requires,Tasks,Task clarification,Assigned tasks are normally available in the project or task-management portal. Check your dashboard and task notifications regularly.,Resolved
TKT0261,INT027,I want feedback about my recent work,Feedback,Performance feedback,Ask your mentor or supervisor for feedback during scheduled reviews or after completing important tasks. Use the feedback to improve future work.,Resolved
TKT0262,INT035,Where can I find the training material?,Training,Training resource request,"Check the training portal, shared drive, learning-management system, or links provided by your mentor or HR.",Resolved
TKT0263,INT030,I do not understand what my assigned task requires,Tasks,Task clarification,Assigned tasks are normally available in the project or task-management portal. Check your dashboard and task notifications regularly.,Resolved
TKT0264,INT028,Where can I find the training material?,Training,Training resource request,"Check the training portal, shared drive, learning-management system, or links provided by your mentor or HR.",Resolved
TKT0265,INT142,What are the internship working hours?,Working Hours,Schedule question,"Follow the working hours communicated by your internship coordinator or supervisor. If your schedule is unclear, confirm it with HR or your supervisor.",Resolved
TKT0266,INT070,Where do I upload my completed task?,Submission,Task submission question,"Complete the task according to the instructions, upload the required files or repository link, and submit it through the designated task platform.",Resolved
TKT0267,INT155,I do not understand what my assigned task requires,Tasks,Task clarification,Assigned tasks are normally available in the project or task-management portal. Check your dashboard and task notifications regularly.,Resolved
TKT0268,INT184,I need more time to finish my assignment,Deadline,Deadline extension request,"Tell your supervisor before the deadline, explain the reason, provide your current progress, and ask whether an extension or revised plan is possible.",Resolved
TKT0269,INT053,How can I contact my mentor?,Mentoring,Mentor contact request,"Use the official communication channel provided by the internship program, such as email, Teams, Slack, or the assigned project channel.",Resolved
TKT0270,INT163,I want feedback about my recent work,Feedback,Performance feedback,Ask your mentor or supervisor for feedback during scheduled reviews or after completing important tasks. Use the feedback to improve future work.,Resolved
TKT0271,INT068,Who should I contact about an HR issue?,HR,HR support request,Contact the HR representative or internship coordinator assigned to your program using the official contact details.,Resolved
TKT0272,INT126,How do I push my project to GitHub?,Git,Git submission question,"Create or update the assigned repository, commit your changes with a clear message, push them to the required branch, and follow the project's submission instructions.",Resolved
TKT0273,INT232,I do not understand what my assigned task requires,Tasks,Task clarification,Assigned tasks are normally available in the project or task-management portal. Check your dashboard and task notifications regularly.,Resolved
TKT0274,INT217,Where can I find the training material?,Training,Training resource request,"Check the training portal, shared drive, learning-management system, or links provided by your mentor or HR.",Resolved
TKT0275,INT024,I cannot log into the internship portal,General,Portal login issue,"Use the internship portal link provided by HR. Sign in with your registered email and password. If you cannot log in, contact the internship support team.",Resolved
TKT0276,INT109,I want feedback about my recent work,Feedback,Performance feedback,Ask your mentor or supervisor for feedback during scheduled reviews or after completing important tasks. Use the feedback to improve future work.,Resolved
TKT0277,INT071,Who should I contact about an HR issue?,HR,HR support request,Contact the HR representative or internship coordinator assigned to your program using the official contact details.,Resolved
TKT0278,INT001,I cannot log into the internship portal,General,Portal login issue,"Use the internship portal link provided by HR. Sign in with your registered email and password. If you cannot log in, contact the internship support team.",Resolved
TKT0279,INT198,How can I contact my mentor?,Mentoring,Mentor contact request,"Use the official communication channel provided by the internship program, such as email, Teams, Slack, or the assigned project channel.",Resolved
TKT0280,INT164,Where do I upload my completed task?,Submission,Task submission question,"Complete the task according to the instructions, upload the required files or repository link, and submit it through the designated task platform.",Resolved
TKT0281,INT042,I do not understand what my assigned task requires,Tasks,Task clarification,Assigned tasks are normally available in the project or task-management portal. Check your dashboard and task notifications regularly.,Resolved
TKT0282,INT114,What are the internship working hours?,Working Hours,Schedule question,"Follow the working hours communicated by your internship coordinator or supervisor. If your schedule is unclear, confirm it with HR or your supervisor.",Resolved
TKT0283,INT181,How do I push my project to GitHub?,Git,Git submission question,"Create or update the assigned repository, commit your changes with a clear message, push them to the required branch, and follow the project's submission instructions.",Resolved
TKT0284,INT144,I need to request leave,Leave,Leave request,Submit a leave request through the organization's approved process and notify your supervisor in advance whenever possible.,Resolved
TKT0285,INT029,I cannot log into the internship portal,General,Portal login issue,"Use the internship portal link provided by HR. Sign in with your registered email and password. If you cannot log in, contact the internship support team.",Resolved
TKT0286,INT242,I forgot to mark attendance today,Attendance,Missed attendance,Open the attendance section of the internship portal and submit your attendance for the current working day before the daily deadline.,Resolved
TKT0287,INT177,Where can I find the training material?,Training,Training resource request,"Check the training portal, shared drive, learning-management system, or links provided by your mentor or HR.",Resolved
TKT0288,INT039,Where can I find the training material?,Training,Training resource request,"Check the training portal, shared drive, learning-management system, or links provided by your mentor or HR.",Resolved
TKT0289,INT010,How do I push my project to GitHub?,Git,Git submission question,"Create or update the assigned repository, commit your changes with a clear message, push them to the required branch, and follow the project's submission instructions.",Resolved
TKT0290,INT095,Who should I contact about an HR issue?,HR,HR support request,Contact the HR representative or internship coordinator assigned to your program using the official contact details.,Resolved
TKT0291,INT142,When will I receive my internship certificate?,Certificate,Certificate request,Complete the internship requirements and follow the organization's certificate request or issuance process. HR or the internship coordinator can confirm eligibility.,Resolved
TKT0292,INT111,Where do I upload my completed task?,Submission,Task submission question,"Complete the task according to the instructions, upload the required files or repository link, and submit it through the designated task platform.",Resolved
TKT0293,INT011,Where do I upload my completed task?,Submission,Task submission question,"Complete the task according to the instructions, upload the required files or repository link, and submit it through the designated task platform.",Resolved
TKT0294,INT094,I do not understand what my assigned task requires,Tasks,Task clarification,Assigned tasks are normally available in the project or task-management portal. Check your dashboard and task notifications regularly.,Resolved
TKT0295,INT239,Where can I find the training material?,Training,Training resource request,"Check the training portal, shared drive, learning-management system, or links provided by your mentor or HR.",Resolved
TKT0296,INT249,My internet stopped working while I was working remotely,Remote Work,Connectivity issue,"Notify your supervisor or team as soon as possible, explain the interruption, and resume work when connectivity is restored.",Resolved
TKT0297,INT011,Who should I contact about an HR issue?,HR,HR support request,Contact the HR representative or internship coordinator assigned to your program using the official contact details.,Resolved
TKT0298,INT092,Where can I find the training material?,Training,Training resource request,"Check the training portal, shared drive, learning-management system, or links provided by your mentor or HR.",Resolved
TKT0299,INT175,I need more time to finish my assignment,Deadline,Deadline extension request,"Tell your supervisor before the deadline, explain the reason, provide your current progress, and ask whether an extension or revised plan is possible.",Resolved
TKT0300,INT171,I need more time to finish my assignment,Deadline,Deadline extension request,"Tell your supervisor before the deadline, explain the reason, provide your current progress, and ask whether an extension or revised plan is possible.",Resolved
TKT0301,INT091,I forgot to mark attendance today,Attendance,Missed attendance,Open the attendance section of the internship portal and submit your attendance for the current working day before the daily deadline.,Resolved
TKT0302,INT144,My internet stopped working while I was working remotely,Remote Work,Connectivity issue,"Notify your supervisor or team as soon as possible, explain the interruption, and resume work when connectivity is restored.",Resolved
TKT0303,INT224,Where can I find the training material?,Training,Training resource request,"Check the training portal, shared drive, learning-management system, or links provided by your mentor or HR.",Resolved
TKT0304,INT250,I need to request leave,Leave,Leave request,Submit a leave request through the organization's approved process and notify your supervisor in advance whenever possible.,Resolved
TKT0305,INT192,When will I receive my internship certificate?,Certificate,Certificate request,Complete the internship requirements and follow the organization's certificate request or issuance process. HR or the internship coordinator can confirm eligibility.,Resolved
TKT0306,INT237,Where do I upload my completed task?,Submission,Task submission question,"Complete the task according to the instructions, upload the required files or repository link, and submit it through the designated task platform.",Resolved
TKT0307,INT061,Where can I find the training material?,Training,Training resource request,"Check the training portal, shared drive, learning-management system, or links provided by your mentor or HR.",Resolved
TKT0308,INT042,Who should I contact about an HR issue?,HR,HR support request,Contact the HR representative or internship coordinator assigned to your program using the official contact details.,Resolved
TKT0309,INT208,My internet stopped working while I was working remotely,Remote Work,Connectivity issue,"Notify your supervisor or team as soon as possible, explain the interruption, and resume work when connectivity is restored.",Resolved
TKT0310,INT226,Where do I upload my completed task?,Submission,Task submission question,"Complete the task according to the instructions, upload the required files or repository link, and submit it through the designated task platform.",Resolved
TKT0311,INT007,I need to request leave,Leave,Leave request,Submit a leave request through the organization's approved process and notify your supervisor in advance whenever possible.,Resolved
TKT0312,INT189,Where do I upload my completed task?,Submission,Task submission question,"Complete the task according to the instructions, upload the required files or repository link, and submit it through the designated task platform.",Resolved
TKT0313,INT086,Where can I find the training material?,Training,Training resource request,"Check the training portal, shared drive, learning-management system, or links provided by your mentor or HR.",Resolved
TKT0314,INT239,My internet stopped working while I was working remotely,Remote Work,Connectivity issue,"Notify your supervisor or team as soon as possible, explain the interruption, and resume work when connectivity is restored.",Resolved
TKT0315,INT206,I need to request leave,Leave,Leave request,Submit a leave request through the organization's approved process and notify your supervisor in advance whenever possible.,Resolved
TKT0316,INT222,I want feedback about my recent work,Feedback,Performance feedback,Ask your mentor or supervisor for feedback during scheduled reviews or after completing important tasks. Use the feedback to improve future work.,Resolved
TKT0317,INT208,What are the internship working hours?,Working Hours,Schedule question,"Follow the working hours communicated by your internship coordinator or supervisor. If your schedule is unclear, confirm it with HR or your supervisor.",Resolved
TKT0318,INT069,I need more time to finish my assignment,Deadline,Deadline extension request,"Tell your supervisor before the deadline, explain the reason, provide your current progress, and ask whether an extension or revised plan is possible.",Resolved
TKT0319,INT202,Where do I upload my completed task?,Submission,Task submission question,"Complete the task according to the instructions, upload the required files or repository link, and submit it through the designated task platform.",Resolved
TKT0320,INT028,What are the internship working hours?,Working Hours,Schedule question,"Follow the working hours communicated by your internship coordinator or supervisor. If your schedule is unclear, confirm it with HR or your supervisor.",Resolved
TKT0321,INT224,I need to request leave,Leave,Leave request,Submit a leave request through the organization's approved process and notify your supervisor in advance whenever possible.,Resolved
TKT0322,INT220,I cannot log into the internship portal,General,Portal login issue,"Use the internship portal link provided by HR. Sign in with your registered email and password. If you cannot log in, contact the internship support team.",Resolved
TKT0323,INT057,My required software is not working,Technical,Software access issue,"Check your account permissions and installation requirements first. If the problem continues, contact technical support or your supervisor with the error details.",Resolved
TKT0324,INT210,I need more time to finish my assignment,Deadline,Deadline extension request,"Tell your supervisor before the deadline, explain the reason, provide your current progress, and ask whether an extension or revised plan is possible.",Resolved
TKT0325,INT118,Where can I find the training material?,Training,Training resource request,"Check the training portal, shared drive, learning-management system, or links provided by your mentor or HR.",Resolved
TKT0326,INT079,How can I contact my mentor?,Mentoring,Mentor contact request,"Use the official communication channel provided by the internship program, such as email, Teams, Slack, or the assigned project channel.",Resolved
TKT0327,INT204,Who should I contact about an HR issue?,HR,HR support request,Contact the HR representative or internship coordinator assigned to your program using the official contact details.,Resolved
TKT0328,INT059,Who should I contact about an HR issue?,HR,HR support request,Contact the HR representative or internship coordinator assigned to your program using the official contact details.,Resolved
TKT0329,INT007,I need more time to finish my assignment,Deadline,Deadline extension request,"Tell your supervisor before the deadline, explain the reason, provide your current progress, and ask whether an extension or revised plan is possible.",Resolved
TKT0330,INT050,I want feedback about my recent work,Feedback,Performance feedback,Ask your mentor or supervisor for feedback during scheduled reviews or after completing important tasks. Use the feedback to improve future work.,Resolved
TKT0331,INT085,I need to request leave,Leave,Leave request,Submit a leave request through the organization's approved process and notify your supervisor in advance whenever possible.,Resolved
TKT0332,INT222,I do not understand what my assigned task requires,Tasks,Task clarification,Assigned tasks are normally available in the project or task-management portal. Check your dashboard and task notifications regularly.,Resolved
TKT0333,INT248,I forgot to mark attendance today,Attendance,Missed attendance,Open the attendance section of the internship portal and submit your attendance for the current working day before the daily deadline.,Resolved
TKT0334,INT072,My internet stopped working while I was working remotely,Remote Work,Connectivity issue,"Notify your supervisor or team as soon as possible, explain the interruption, and resume work when connectivity is restored.",Resolved
TKT0335,INT165,How can I contact my mentor?,Mentoring,Mentor contact request,"Use the official communication channel provided by the internship program, such as email, Teams, Slack, or the assigned project channel.",Resolved
TKT0336,INT103,How do I push my project to GitHub?,Git,Git submission question,"Create or update the assigned repository, commit your changes with a clear message, push them to the required branch, and follow the project's submission instructions.",Resolved
TKT0337,INT216,I want feedback about my recent work,Feedback,Performance feedback,Ask your mentor or supervisor for feedback during scheduled reviews or after completing important tasks. Use the feedback to improve future work.,Resolved
TKT0338,INT085,How do I push my project to GitHub?,Git,Git submission question,"Create or update the assigned repository, commit your changes with a clear message, push them to the required branch, and follow the project's submission instructions.",Resolved
TKT0339,INT030,I cannot log into the internship portal,General,Portal login issue,"Use the internship portal link provided by HR. Sign in with your registered email and password. If you cannot log in, contact the internship support team.",Resolved
TKT0340,INT249,Where can I find the training material?,Training,Training resource request,"Check the training portal, shared drive, learning-management system, or links provided by your mentor or HR.",Resolved
TKT0341,INT046,I do not understand what my assigned task requires,Tasks,Task clarification,Assigned tasks are normally available in the project or task-management portal. Check your dashboard and task notifications regularly.,Resolved
TKT0342,INT247,When will I receive my internship certificate?,Certificate,Certificate request,Complete the internship requirements and follow the organization's certificate request or issuance process. HR or the internship coordinator can confirm eligibility.,Resolved
TKT0343,INT010,I do not understand what my assigned task requires,Tasks,Task clarification,Assigned tasks are normally available in the project or task-management portal. Check your dashboard and task notifications regularly.,Resolved
TKT0344,INT153,I forgot to mark attendance today,Attendance,Missed attendance,Open the attendance section of the internship portal and submit your attendance for the current working day before the daily deadline.,Resolved
TKT0345,INT089,I need to request leave,Leave,Leave request,Submit a leave request through the organization's approved process and notify your supervisor in advance whenever possible.,Resolved
TKT0346,INT202,What are the internship working hours?,Working Hours,Schedule question,"Follow the working hours communicated by your internship coordinator or supervisor. If your schedule is unclear, confirm it with HR or your supervisor.",Resolved
TKT0347,INT112,How can I contact my mentor?,Mentoring,Mentor contact request,"Use the official communication channel provided by the internship program, such as email, Teams, Slack, or the assigned project channel.",Resolved
TKT0348,INT131,When will I receive my internship certificate?,Certificate,Certificate request,Complete the internship requirements and follow the organization's certificate request or issuance process. HR or the internship coordinator can confirm eligibility.,Resolved
TKT0349,INT099,I forgot to mark attendance today,Attendance,Missed attendance,Open the attendance section of the internship portal and submit your attendance for the current working day before the daily deadline.,Resolved
TKT0350,INT148,Where can I find the training material?,Training,Training resource request,"Check the training portal, shared drive, learning-management system, or links provided by your mentor or HR.",Resolved
TKT0351,INT066,I need more time to finish my assignment,Deadline,Deadline extension request,"Tell your supervisor before the deadline, explain the reason, provide your current progress, and ask whether an extension or revised plan is possible.",Resolved
TKT0352,INT182,I cannot log into the internship portal,General,Portal login issue,"Use the internship portal link provided by HR. Sign in with your registered email and password. If you cannot log in, contact the internship support team.",Resolved
TKT0353,INT001,I need to request leave,Leave,Leave request,Submit a leave request through the organization's approved process and notify your supervisor in advance whenever possible.,Resolved
TKT0354,INT237,How do I push my project to GitHub?,Git,Git submission question,"Create or update the assigned repository, commit your changes with a clear message, push them to the required branch, and follow the project's submission instructions.",Resolved
TKT0355,INT138,My internet stopped working while I was working remotely,Remote Work,Connectivity issue,"Notify your supervisor or team as soon as possible, explain the interruption, and resume work when connectivity is restored.",Resolved
TKT0356,INT185,I want feedback about my recent work,Feedback,Performance feedback,Ask your mentor or supervisor for feedback during scheduled reviews or after completing important tasks. Use the feedback to improve future work.,Resolved
TKT0357,INT189,What are the internship working hours?,Working Hours,Schedule question,"Follow the working hours communicated by your internship coordinator or supervisor. If your schedule is unclear, confirm it with HR or your supervisor.",Resolved
TKT0358,INT051,I want feedback about my recent work,Feedback,Performance feedback,Ask your mentor or supervisor for feedback during scheduled reviews or after completing important tasks. Use the feedback to improve future work.,Resolved
TKT0359,INT111,How can I contact my mentor?,Mentoring,Mentor contact request,"Use the official communication channel provided by the internship program, such as email, Teams, Slack, or the assigned project channel.",Resolved
TKT0360,INT243,I forgot to mark attendance today,Attendance,Missed attendance,Open the attendance section of the internship portal and submit your attendance for the current working day before the daily deadline.,Resolved
TKT0361,INT236,I want feedback about my recent work,Feedback,Performance feedback,Ask your mentor or supervisor for feedback during scheduled reviews or after completing important tasks. Use the feedback to improve future work.,Resolved
TKT0362,INT160,How can I contact my mentor?,Mentoring,Mentor contact request,"Use the official communication channel provided by the internship program, such as email, Teams, Slack, or the assigned project channel.",Resolved
TKT0363,INT170,How can I contact my mentor?,Mentoring,Mentor contact request,"Use the official communication channel provided by the internship program, such as email, Teams, Slack, or the assigned project channel.",Resolved
TKT0364,INT032,Who should I contact about an HR issue?,HR,HR support request,Contact the HR representative or internship coordinator assigned to your program using the official contact details.,Resolved
TKT0365,INT231,What are the internship working hours?,Working Hours,Schedule question,"Follow the working hours communicated by your internship coordinator or supervisor. If your schedule is unclear, confirm it with HR or your supervisor.",Resolved
TKT0366,INT130,I do not understand what my assigned task requires,Tasks,Task clarification,Assigned tasks are normally available in the project or task-management portal. Check your dashboard and task notifications regularly.,Resolved
TKT0367,INT171,I do not understand what my assigned task requires,Tasks,Task clarification,Assigned tasks are normally available in the project or task-management portal. Check your dashboard and task notifications regularly.,Resolved
TKT0368,INT084,I need to request leave,Leave,Leave request,Submit a leave request through the organization's approved process and notify your supervisor in advance whenever possible.,Resolved
TKT0369,INT179,I need to request leave,Leave,Leave request,Submit a leave request through the organization's approved process and notify your supervisor in advance whenever possible.,Resolved
TKT0370,INT142,I do not understand what my assigned task requires,Tasks,Task clarification,Assigned tasks are normally available in the project or task-management portal. Check your dashboard and task notifications regularly.,Resolved
TKT0371,INT050,Where do I upload my completed task?,Submission,Task submission question,"Complete the task according to the instructions, upload the required files or repository link, and submit it through the designated task platform.",Resolved
TKT0372,INT171,I need to request leave,Leave,Leave request,Submit a leave request through the organization's approved process and notify your supervisor in advance whenever possible.,Resolved
TKT0373,INT174,I need to request leave,Leave,Leave request,Submit a leave request through the organization's approved process and notify your supervisor in advance whenever possible.,Resolved
TKT0374,INT232,What are the internship working hours?,Working Hours,Schedule question,"Follow the working hours communicated by your internship coordinator or supervisor. If your schedule is unclear, confirm it with HR or your supervisor.",Resolved
TKT0375,INT158,Where do I upload my completed task?,Submission,Task submission question,"Complete the task according to the instructions, upload the required files or repository link, and submit it through the designated task platform.",Resolved
TKT0376,INT078,When will I receive my internship certificate?,Certificate,Certificate request,Complete the internship requirements and follow the organization's certificate request or issuance process. HR or the internship coordinator can confirm eligibility.,Resolved
TKT0377,INT141,I need to request leave,Leave,Leave request,Submit a leave request through the organization's approved process and notify your supervisor in advance whenever possible.,Resolved
TKT0378,INT001,Who should I contact about an HR issue?,HR,HR support request,Contact the HR representative or internship coordinator assigned to your program using the official contact details.,Resolved
TKT0379,INT074,I do not understand what my assigned task requires,Tasks,Task clarification,Assigned tasks are normally available in the project or task-management portal. Check your dashboard and task notifications regularly.,Resolved
TKT0380,INT111,I need more time to finish my assignment,Deadline,Deadline extension request,"Tell your supervisor before the deadline, explain the reason, provide your current progress, and ask whether an extension or revised plan is possible.",Resolved
TKT0381,INT149,My internet stopped working while I was working remotely,Remote Work,Connectivity issue,"Notify your supervisor or team as soon as possible, explain the interruption, and resume work when connectivity is restored.",Resolved
TKT0382,INT168,When will I receive my internship certificate?,Certificate,Certificate request,Complete the internship requirements and follow the organization's certificate request or issuance process. HR or the internship coordinator can confirm eligibility.,Resolved
TKT0383,INT120,How can I contact my mentor?,Mentoring,Mentor contact request,"Use the official communication channel provided by the internship program, such as email, Teams, Slack, or the assigned project channel.",Resolved
TKT0384,INT114,My required software is not working,Technical,Software access issue,"Check your account permissions and installation requirements first. If the problem continues, contact technical support or your supervisor with the error details.",Resolved
TKT0385,INT055,I want feedback about my recent work,Feedback,Performance feedback,Ask your mentor or supervisor for feedback during scheduled reviews or after completing important tasks. Use the feedback to improve future work.,Resolved
TKT0386,INT122,How do I push my project to GitHub?,Git,Git submission question,"Create or update the assigned repository, commit your changes with a clear message, push them to the required branch, and follow the project's submission instructions.",Resolved
TKT0387,INT231,My internet stopped working while I was working remotely,Remote Work,Connectivity issue,"Notify your supervisor or team as soon as possible, explain the interruption, and resume work when connectivity is restored.",Resolved
TKT0388,INT189,My internet stopped working while I was working remotely,Remote Work,Connectivity issue,"Notify your supervisor or team as soon as possible, explain the interruption, and resume work when connectivity is restored.",Resolved
TKT0389,INT169,Where do I upload my completed task?,Submission,Task submission question,"Complete the task according to the instructions, upload the required files or repository link, and submit it through the designated task platform.",Resolved
TKT0390,INT073,I forgot to mark attendance today,Attendance,Missed attendance,Open the attendance section of the internship portal and submit your attendance for the current working day before the daily deadline.,Resolved
TKT0391,INT170,How do I push my project to GitHub?,Git,Git submission question,"Create or update the assigned repository, commit your changes with a clear message, push them to the required branch, and follow the project's submission instructions.",Resolved
TKT0392,INT159,I want feedback about my recent work,Feedback,Performance feedback,Ask your mentor or supervisor for feedback during scheduled reviews or after completing important tasks. Use the feedback to improve future work.,Resolved
TKT0393,INT024,How can I contact my mentor?,Mentoring,Mentor contact request,"Use the official communication channel provided by the internship program, such as email, Teams, Slack, or the assigned project channel.",Resolved
TKT0394,INT244,Who should I contact about an HR issue?,HR,HR support request,Contact the HR representative or internship coordinator assigned to your program using the official contact details.,Resolved
TKT0395,INT061,My internet stopped working while I was working remotely,Remote Work,Connectivity issue,"Notify your supervisor or team as soon as possible, explain the interruption, and resume work when connectivity is restored.",Resolved
TKT0396,INT080,I want feedback about my recent work,Feedback,Performance feedback,Ask your mentor or supervisor for feedback during scheduled reviews or after completing important tasks. Use the feedback to improve future work.,Resolved
TKT0397,INT207,I need more time to finish my assignment,Deadline,Deadline extension request,"Tell your supervisor before the deadline, explain the reason, provide your current progress, and ask whether an extension or revised plan is possible.",Resolved
TKT0398,INT038,I need more time to finish my assignment,Deadline,Deadline extension request,"Tell your supervisor before the deadline, explain the reason, provide your current progress, and ask whether an extension or revised plan is possible.",Resolved
TKT0399,INT012,I cannot log into the internship portal,General,Portal login issue,"Use the internship portal link provided by HR. Sign in with your registered email and password. If you cannot log in, contact the internship support team.",Resolved
TKT0400,INT122,I need more time to finish my assignment,Deadline,Deadline extension request,"Tell your supervisor before the deadline, explain the reason, provide your current progress, and ask whether an extension or revised plan is possible.",Resolved
TKT0401,INT218,When will I receive my internship certificate?,Certificate,Certificate request,Complete the internship requirements and follow the organization's certificate request or issuance process. HR or the internship coordinator can confirm eligibility.,Resolved
TKT0402,INT019,My internet stopped working while I was working remotely,Remote Work,Connectivity issue,"Notify your supervisor or team as soon as possible, explain the interruption, and resume work when connectivity is restored.",Resolved
TKT0403,INT107,My required software is not working,Technical,Software access issue,"Check your account permissions and installation requirements first. If the problem continues, contact technical support or your supervisor with the error details.",Resolved
TKT0404,INT162,Where can I find the training material?,Training,Training resource request,"Check the training portal, shared drive, learning-management system, or links provided by your mentor or HR.",Resolved
TKT0405,INT050,When will I receive my internship certificate?,Certificate,Certificate request,Complete the internship requirements and follow the organization's certificate request or issuance process. HR or the internship coordinator can confirm eligibility.,Resolved
TKT0406,INT179,What are the internship working hours?,Working Hours,Schedule question,"Follow the working hours communicated by your internship coordinator or supervisor. If your schedule is unclear, confirm it with HR or your supervisor.",Resolved
TKT0407,INT127,I need to request leave,Leave,Leave request,Submit a leave request through the organization's approved process and notify your supervisor in advance whenever possible.,Resolved
TKT0408,INT063,I need to request leave,Leave,Leave request,Submit a leave request through the organization's approved process and notify your supervisor in advance whenever possible.,Resolved
TKT0409,INT168,Where do I upload my completed task?,Submission,Task submission question,"Complete the task according to the instructions, upload the required files or repository link, and submit it through the designated task platform.",Resolved
TKT0410,INT002,What are the internship working hours?,Working Hours,Schedule question,"Follow the working hours communicated by your internship coordinator or supervisor. If your schedule is unclear, confirm it with HR or your supervisor.",Resolved
TKT0411,INT193,Where can I find the training material?,Training,Training resource request,"Check the training portal, shared drive, learning-management system, or links provided by your mentor or HR.",Resolved
TKT0412,INT198,Who should I contact about an HR issue?,HR,HR support request,Contact the HR representative or internship coordinator assigned to your program using the official contact details.,Resolved
TKT0413,INT028,Where can I find the training material?,Training,Training resource request,"Check the training portal, shared drive, learning-management system, or links provided by your mentor or HR.",Resolved
TKT0414,INT109,My internet stopped working while I was working remotely,Remote Work,Connectivity issue,"Notify your supervisor or team as soon as possible, explain the interruption, and resume work when connectivity is restored.",Resolved
TKT0415,INT046,I need more time to finish my assignment,Deadline,Deadline extension request,"Tell your supervisor before the deadline, explain the reason, provide your current progress, and ask whether an extension or revised plan is possible.",Resolved
TKT0416,INT246,My internet stopped working while I was working remotely,Remote Work,Connectivity issue,"Notify your supervisor or team as soon as possible, explain the interruption, and resume work when connectivity is restored.",Resolved
TKT0417,INT133,What are the internship working hours?,Working Hours,Schedule question,"Follow the working hours communicated by your internship coordinator or supervisor. If your schedule is unclear, confirm it with HR or your supervisor.",Resolved
TKT0418,INT013,My required software is not working,Technical,Software access issue,"Check your account permissions and installation requirements first. If the problem continues, contact technical support or your supervisor with the error details.",Resolved
TKT0419,INT064,How do I push my project to GitHub?,Git,Git submission question,"Create or update the assigned repository, commit your changes with a clear message, push them to the required branch, and follow the project's submission instructions.",Resolved
TKT0420,INT218,Where can I find the training material?,Training,Training resource request,"Check the training portal, shared drive, learning-management system, or links provided by your mentor or HR.",Resolved
TKT0421,INT117,I forgot to mark attendance today,Attendance,Missed attendance,Open the attendance section of the internship portal and submit your attendance for the current working day before the daily deadline.,Resolved
TKT0422,INT206,Where do I upload my completed task?,Submission,Task submission question,"Complete the task according to the instructions, upload the required files or repository link, and submit it through the designated task platform.",Resolved
TKT0423,INT171,My required software is not working,Technical,Software access issue,"Check your account permissions and installation requirements first. If the problem continues, contact technical support or your supervisor with the error details.",Resolved
TKT0424,INT144,How do I push my project to GitHub?,Git,Git submission question,"Create or update the assigned repository, commit your changes with a clear message, push them to the required branch, and follow the project's submission instructions.",Resolved
TKT0425,INT082,When will I receive my internship certificate?,Certificate,Certificate request,Complete the internship requirements and follow the organization's certificate request or issuance process. HR or the internship coordinator can confirm eligibility.,Resolved
TKT0426,INT229,My internet stopped working while I was working remotely,Remote Work,Connectivity issue,"Notify your supervisor or team as soon as possible, explain the interruption, and resume work when connectivity is restored.",Resolved
TKT0427,INT157,My required software is not working,Technical,Software access issue,"Check your account permissions and installation requirements first. If the problem continues, contact technical support or your supervisor with the error details.",Resolved
TKT0428,INT185,Who should I contact about an HR issue?,HR,HR support request,Contact the HR representative or internship coordinator assigned to your program using the official contact details.,Resolved
TKT0429,INT130,Where can I find the training material?,Training,Training resource request,"Check the training portal, shared drive, learning-management system, or links provided by your mentor or HR.",Resolved
TKT0430,INT213,I need to request leave,Leave,Leave request,Submit a leave request through the organization's approved process and notify your supervisor in advance whenever possible.,Resolved
TKT0431,INT141,Where can I find the training material?,Training,Training resource request,"Check the training portal, shared drive, learning-management system, or links provided by your mentor or HR.",Resolved
TKT0432,INT230,My required software is not working,Technical,Software access issue,"Check your account permissions and installation requirements first. If the problem continues, contact technical support or your supervisor with the error details.",Resolved
TKT0433,INT191,Where do I upload my completed task?,Submission,Task submission question,"Complete the task according to the instructions, upload the required files or repository link, and submit it through the designated task platform.",Resolved
TKT0434,INT122,Who should I contact about an HR issue?,HR,HR support request,Contact the HR representative or internship coordinator assigned to your program using the official contact details.,Resolved
TKT0435,INT067,My required software is not working,Technical,Software access issue,"Check your account permissions and installation requirements first. If the problem continues, contact technical support or your supervisor with the error details.",Resolved
TKT0436,INT064,My internet stopped working while I was working remotely,Remote Work,Connectivity issue,"Notify your supervisor or team as soon as possible, explain the interruption, and resume work when connectivity is restored.",Resolved
TKT0437,INT164,Who should I contact about an HR issue?,HR,HR support request,Contact the HR representative or internship coordinator assigned to your program using the official contact details.,Resolved
TKT0438,INT197,I do not understand what my assigned task requires,Tasks,Task clarification,Assigned tasks are normally available in the project or task-management portal. Check your dashboard and task notifications regularly.,Resolved
TKT0439,INT134,My internet stopped working while I was working remotely,Remote Work,Connectivity issue,"Notify your supervisor or team as soon as possible, explain the interruption, and resume work when connectivity is restored.",Resolved
TKT0440,INT161,My required software is not working,Technical,Software access issue,"Check your account permissions and installation requirements first. If the problem continues, contact technical support or your supervisor with the error details.",Resolved
TKT0441,INT071,I need more time to finish my assignment,Deadline,Deadline extension request,"Tell your supervisor before the deadline, explain the reason, provide your current progress, and ask whether an extension or revised plan is possible.",Resolved
TKT0442,INT020,My required software is not working,Technical,Software access issue,"Check your account permissions and installation requirements first. If the problem continues, contact technical support or your supervisor with the error details.",Resolved
TKT0443,INT074,What are the internship working hours?,Working Hours,Schedule question,"Follow the working hours communicated by your internship coordinator or supervisor. If your schedule is unclear, confirm it with HR or your supervisor.",Resolved
TKT0444,INT070,I need more time to finish my assignment,Deadline,Deadline extension request,"Tell your supervisor before the deadline, explain the reason, provide your current progress, and ask whether an extension or revised plan is possible.",Resolved
TKT0445,INT082,How can I contact my mentor?,Mentoring,Mentor contact request,"Use the official communication channel provided by the internship program, such as email, Teams, Slack, or the assigned project channel.",Resolved
TKT0446,INT139,Where can I find the training material?,Training,Training resource request,"Check the training portal, shared drive, learning-management system, or links provided by your mentor or HR.",Resolved
TKT0447,INT036,I forgot to mark attendance today,Attendance,Missed attendance,Open the attendance section of the internship portal and submit your attendance for the current working day before the daily deadline.,Resolved
TKT0448,INT060,Where do I upload my completed task?,Submission,Task submission question,"Complete the task according to the instructions, upload the required files or repository link, and submit it through the designated task platform.",Resolved
TKT0449,INT178,I need to request leave,Leave,Leave request,Submit a leave request through the organization's approved process and notify your supervisor in advance whenever possible.,Resolved
TKT0450,INT181,Where do I upload my completed task?,Submission,Task submission question,"Complete the task according to the instructions, upload the required files or repository link, and submit it through the designated task platform.",Resolved
TKT0451,INT017,I need more time to finish my assignment,Deadline,Deadline extension request,"Tell your supervisor before the deadline, explain the reason, provide your current progress, and ask whether an extension or revised plan is possible.",Resolved
TKT0452,INT105,I need to request leave,Leave,Leave request,Submit a leave request through the organization's approved process and notify your supervisor in advance whenever possible.,Resolved
TKT0453,INT139,How can I contact my mentor?,Mentoring,Mentor contact request,"Use the official communication channel provided by the internship program, such as email, Teams, Slack, or the assigned project channel.",Resolved
TKT0454,INT107,My required software is not working,Technical,Software access issue,"Check your account permissions and installation requirements first. If the problem continues, contact technical support or your supervisor with the error details.",Resolved
TKT0455,INT053,I cannot log into the internship portal,General,Portal login issue,"Use the internship portal link provided by HR. Sign in with your registered email and password. If you cannot log in, contact the internship support team.",Resolved
TKT0456,INT108,Who should I contact about an HR issue?,HR,HR support request,Contact the HR representative or internship coordinator assigned to your program using the official contact details.,Resolved
TKT0457,INT232,I need to request leave,Leave,Leave request,Submit a leave request through the organization's approved process and notify your supervisor in advance whenever possible.,Resolved
TKT0458,INT150,My internet stopped working while I was working remotely,Remote Work,Connectivity issue,"Notify your supervisor or team as soon as possible, explain the interruption, and resume work when connectivity is restored.",Resolved
TKT0459,INT006,What are the internship working hours?,Working Hours,Schedule question,"Follow the working hours communicated by your internship coordinator or supervisor. If your schedule is unclear, confirm it with HR or your supervisor.",Resolved
TKT0460,INT226,Who should I contact about an HR issue?,HR,HR support request,Contact the HR representative or internship coordinator assigned to your program using the official contact details.,Resolved
TKT0461,INT148,My internet stopped working while I was working remotely,Remote Work,Connectivity issue,"Notify your supervisor or team as soon as possible, explain the interruption, and resume work when connectivity is restored.",Resolved
TKT0462,INT123,I need to request leave,Leave,Leave request,Submit a leave request through the organization's approved process and notify your supervisor in advance whenever possible.,Resolved
TKT0463,INT242,I cannot log into the internship portal,General,Portal login issue,"Use the internship portal link provided by HR. Sign in with your registered email and password. If you cannot log in, contact the internship support team.",Resolved
TKT0464,INT077,How can I contact my mentor?,Mentoring,Mentor contact request,"Use the official communication channel provided by the internship program, such as email, Teams, Slack, or the assigned project channel.",Resolved
TKT0465,INT100,My internet stopped working while I was working remotely,Remote Work,Connectivity issue,"Notify your supervisor or team as soon as possible, explain the interruption, and resume work when connectivity is restored.",Resolved
TKT0466,INT229,Who should I contact about an HR issue?,HR,HR support request,Contact the HR representative or internship coordinator assigned to your program using the official contact details.,Resolved
TKT0467,INT108,Who should I contact about an HR issue?,HR,HR support request,Contact the HR representative or internship coordinator assigned to your program using the official contact details.,Resolved
TKT0468,INT192,How do I push my project to GitHub?,Git,Git submission question,"Create or update the assigned repository, commit your changes with a clear message, push them to the required branch, and follow the project's submission instructions.",Resolved
TKT0469,INT140,What are the internship working hours?,Working Hours,Schedule question,"Follow the working hours communicated by your internship coordinator or supervisor. If your schedule is unclear, confirm it with HR or your supervisor.",Resolved
TKT0470,INT155,My internet stopped working while I was working remotely,Remote Work,Connectivity issue,"Notify your supervisor or team as soon as possible, explain the interruption, and resume work when connectivity is restored.",Resolved
TKT0471,INT057,Where can I find the training material?,Training,Training resource request,"Check the training portal, shared drive, learning-management system, or links provided by your mentor or HR.",Resolved
TKT0472,INT057,My required software is not working,Technical,Software access issue,"Check your account permissions and installation requirements first. If the problem continues, contact technical support or your supervisor with the error details.",Resolved
TKT0473,INT112,I do not understand what my assigned task requires,Tasks,Task clarification,Assigned tasks are normally available in the project or task-management portal. Check your dashboard and task notifications regularly.,Resolved
TKT0474,INT008,My required software is not working,Technical,Software access issue,"Check your account permissions and installation requirements first. If the problem continues, contact technical support or your supervisor with the error details.",Resolved
TKT0475,INT087,I need to request leave,Leave,Leave request,Submit a leave request through the organization's approved process and notify your supervisor in advance whenever possible.,Resolved
TKT0476,INT174,I want feedback about my recent work,Feedback,Performance feedback,Ask your mentor or supervisor for feedback during scheduled reviews or after completing important tasks. Use the feedback to improve future work.,Resolved
TKT0477,INT104,My internet stopped working while I was working remotely,Remote Work,Connectivity issue,"Notify your supervisor or team as soon as possible, explain the interruption, and resume work when connectivity is restored.",Resolved
TKT0478,INT043,What are the internship working hours?,Working Hours,Schedule question,"Follow the working hours communicated by your internship coordinator or supervisor. If your schedule is unclear, confirm it with HR or your supervisor.",Resolved
TKT0479,INT120,Who should I contact about an HR issue?,HR,HR support request,Contact the HR representative or internship coordinator assigned to your program using the official contact details.,Resolved
TKT0480,INT033,Where can I find the training material?,Training,Training resource request,"Check the training portal, shared drive, learning-management system, or links provided by your mentor or HR.",Resolved
TKT0481,INT137,When will I receive my internship certificate?,Certificate,Certificate request,Complete the internship requirements and follow the organization's certificate request or issuance process. HR or the internship coordinator can confirm eligibility.,Resolved
TKT0482,INT233,I cannot log into the internship portal,General,Portal login issue,"Use the internship portal link provided by HR. Sign in with your registered email and password. If you cannot log in, contact the internship support team.",Resolved
TKT0483,INT152,I need to request leave,Leave,Leave request,Submit a leave request through the organization's approved process and notify your supervisor in advance whenever possible.,Resolved
TKT0484,INT170,When will I receive my internship certificate?,Certificate,Certificate request,Complete the internship requirements and follow the organization's certificate request or issuance process. HR or the internship coordinator can confirm eligibility.,Resolved
TKT0485,INT022,I cannot log into the internship portal,General,Portal login issue,"Use the internship portal link provided by HR. Sign in with your registered email and password. If you cannot log in, contact the internship support team.",Resolved
TKT0486,INT110,I want feedback about my recent work,Feedback,Performance feedback,Ask your mentor or supervisor for feedback during scheduled reviews or after completing important tasks. Use the feedback to improve future work.,Resolved
TKT0487,INT222,Where do I upload my completed task?,Submission,Task submission question,"Complete the task according to the instructions, upload the required files or repository link, and submit it through the designated task platform.",Resolved
TKT0488,INT047,My required software is not working,Technical,Software access issue,"Check your account permissions and installation requirements first. If the problem continues, contact technical support or your supervisor with the error details.",Resolved
TKT0489,INT067,I cannot log into the internship portal,General,Portal login issue,"Use the internship portal link provided by HR. Sign in with your registered email and password. If you cannot log in, contact the internship support team.",Resolved
TKT0490,INT084,I need to request leave,Leave,Leave request,Submit a leave request through the organization's approved process and notify your supervisor in advance whenever possible.,Resolved
TKT0491,INT117,I need more time to finish my assignment,Deadline,Deadline extension request,"Tell your supervisor before the deadline, explain the reason, provide your current progress, and ask whether an extension or revised plan is possible.",Resolved
TKT0492,INT087,How can I contact my mentor?,Mentoring,Mentor contact request,"Use the official communication channel provided by the internship program, such as email, Teams, Slack, or the assigned project channel.",Resolved
TKT0493,INT226,My internet stopped working while I was working remotely,Remote Work,Connectivity issue,"Notify your supervisor or team as soon as possible, explain the interruption, and resume work when connectivity is restored.",Resolved
TKT0494,INT072,I need to request leave,Leave,Leave request,Submit a leave request through the organization's approved process and notify your supervisor in advance whenever possible.,Resolved
TKT0495,INT244,My internet stopped working while I was working remotely,Remote Work,Connectivity issue,"Notify your supervisor or team as soon as possible, explain the interruption, and resume work when connectivity is restored.",Resolved
TKT0496,INT108,Who should I contact about an HR issue?,HR,HR support request,Contact the HR representative or internship coordinator assigned to your program using the official contact details.,Resolved
TKT0497,INT214,I do not understand what my assigned task requires,Tasks,Task clarification,Assigned tasks are normally available in the project or task-management portal. Check your dashboard and task notifications regularly.,Resolved
TKT0498,INT121,I forgot to mark attendance today,Attendance,Missed attendance,Open the attendance section of the internship portal and submit your attendance for the current working day before the daily deadline.,Resolved
TKT0499,INT192,I cannot log into the internship portal,General,Portal login issue,"Use the internship portal link provided by HR. Sign in with your registered email and password. If you cannot log in, contact the internship support team.",Resolved
TKT0500,INT014,How do I push my project to GitHub?,Git,Git submission question,"Create or update the assigned repository, commit your changes with a clear message, push them to the required branch, and follow the project's submission instructions.",Resolved
